Fullname,phone,email,City,house_type,bhk_details,furnishing_type
"Ashish Singh",9876890463,ashish.singh@gmail.com,Bangalore,Apartment,"3 BHK",unfurnished
"Bhaskar maheshwari",9801834992,bhaskar.mah@gmail.com,Bangalore,Apartment,"2 BHK",fully-furnished
"Aditi jain",9873123456,aditi.jain@sproxil.com,Pune,Independent,"3 BHK",fully-furnished
"Umang parejiya",7896543674,uparejiya@gmail.com,Pune,Independent,"1 BHK",unfurnished
"Karan Singh",8976665768,karan.singh@gmail.com,Delhi,Apartment,"1 BHK",unfurnished
"Tanvi mann",9178352769,tanvi.mann1907@gmail.com,Bangalore,Apartment,"3 BHK",fully-furnished
"Mitali gupta",8796751238,mitali.gupta80@gmail.com,Pune,Independent,"1 BHK",unfurnished
